notes_total,notes_played,rests,measures,chord_notes,pitch_span,pitch_std,avg_duration,notes_per_measure,chord_ratio,avg_chord_cluster_size,rest_ratio,unique_pitch_count,notes_per_pitch_class,notes_per_measure_per_pitch_class,span_per_unique_pitch,avg_pitch_interval,max_pitch_interval,large_leap_ratio,tempo_mean,notes_per_second_proxy,notes_per_second_per_pitch_class,duration_std,duration_cv_proxy,tempo_duration_interaction,rhythmic_variety,accidental_ratio,key_signature_complexity,time_signature_changes,piece_id,work,book,book_code,composer,henle_difficulty,difficulty_label
28.0,26.0,2.0,16.0,0.0,31.0,12.162606385262997,2.2857142857142856,1.625,0.0,1.0,0.07142857142857142,10.0,2.6,0.1625,3.1,2.56,24.0,0.04,0.0,0.0,0.0,0.6998542122237652,0.21299910806810246,0.0,2.0,0.0,0.0,0.0,1,"Six Unison Melodies, no. 1","Mikrokosmos, Volumes I-II",1,Béla Bártok,Piano 1 easy,beginner
100.0,100.0,0.0,32.0,0.0,34.0,12.26834952224626,1.28,3.125,0.0,1.0,0.0,14.0,7.142857142857143,0.22321428571428573,2.4285714285714284,2.01010101010101,21.0,0.010101010101010102,0.0,0.0,0.0,0.664529909033446,0.291460486418178,0.0,3.0,0.0,0.0,0.0,2,"Six Unison Melodies, no. 2","Mikrokosmos, Volumes I-II",1,Béla Bártok,Piano 1 easy,beginner
54.0,54.0,0.0,24.0,0.0,19.0,6.314353192641873,1.7777777777777777,2.25,0.0,1.0,0.0,10.0,5.4,0.225,1.9,1.7924528301886793,5.0,0.0,0.0,0.0,0.0,1.030402055055078,0.3709447398198281,0.0,3.0,0.0,0.0,0.0,3,"Six Unison Melodies, no. 3","Mikrokosmos, Volumes I-II",1,Béla Bártok,Piano 1 easy,beginner
44.0,44.0,0.0,16.0,0.0,30.0,12.150230416479916,1.4545454545454546,2.75,0.0,1.0,0.0,10.0,4.4,0.275,3.0,2.2093023255813953,25.0,0.023255813953488372,0.0,0.0,0.0,0.721568539381252,0.2939723678960656,0.0,3.0,0.0,0.0,0.0,4,"Six Unison Melodies, no. 4","Mikrokosmos, Volumes I-II",1,Béla Bártok,Piano 1 easy,beginner
110.0,110.0,0.0,42.0,0.0,34.0,12.253169601750242,2.290909090909091,2.619047619047619,0.0,1.0,0.0,14.0,7.857142857142857,0.1870748299319728,2.4285714285714284,1.9174311926605505,27.0,0.009174311926605505,0.0,0.0,0.0,1.521634614756922,0.46237515918028016,0.0,5.0,0.0,0.0,0.0,5,"Six Unison Melodies, no. 5","Mikrokosmos, Volumes I-II",1,Béla Bártok,Piano 1 easy,beginner
48.0,46.0,2.0,18.0,0.0,31.0,12.135965701833046,1.5,2.5555555555555554,0.0,1.0,0.041666666666666664,10.0,4.6,0.25555555555555554,3.1,2.2222222222222223,24.0,0.022222222222222223,0.0,0.0,0.0,0.8660254037844386,0.34641016151377546,0.0,3.0,0.0,0.0,0.0,6,"Six Unison Melodies, no. 6","Mikrokosmos, Volumes I-II",1,Béla Bártok,Piano 1 easy,beginner
60.0,56.0,4.0,28.0,0.0,19.0,6.358647494489978,1.8666666666666667,2.0,0.0,1.0,0.06666666666666667,10.0,5.6,0.2,1.9,2.090909090909091,7.0,0.03636363636363636,0.0,0.0,0.0,0.8459051693633014,0.2950831986151051,0.0,4.0,0.0,0.0,0.0,7,Dotted Notes,"Mikrokosmos, Volumes I-II",1,Béla Bártok,Piano 1 easy,beginner
68.0,60.0,8.0,32.0,0.0,21.0,6.509906980048862,1.8823529411764706,1.875,0.0,1.0,0.11764705882352941,12.0,5.0,0.15625,1.75,1.3559322033898304,12.0,0.01694915254237288,0.0,0.0,0.0,0.899826972986962,0.3121848681791501,0.0,3.0,0.0,0.0,0.0,8,Repetition (1),"Mikrokosmos, Volumes I-II",1,Béla Bártok,Piano 1 easy,beginner
72.0,70.0,2.0,28.0,0.0,19.0,6.316806219627647,1.5555555555555556,2.5,0.0,1.0,0.027777777777777776,10.0,7.0,0.25,1.9,1.6231884057971016,12.0,0.014492753623188406,0.0,0.0,0.0,0.8642416214502248,0.33818150404574016,0.0,3.0,0.0,0.0,0.0,9,Syncopation (1),"Mikrokosmos, Volumes I-II",1,Béla Bártok,Piano 1 easy,beginner
92.0,60.0,32.0,48.0,0.0,19.0,6.358961305817869,1.565217391304348,1.25,0.0,1.0,0.34782608695652173,10.0,6.0,0.125,1.9,1.9322033898305084,12.0,0.01694915254237288,0.0,0.0,0.0,0.8508863387296055,0.3317014540810327,0.0,3.0,0.0,1.0,0.0,10,With Alternate Hands,"Mikrokosmos, Volumes I-II",1,Béla Bártok,Piano 1 easy,beginner
92.0,88.0,4.0,32.0,0.0,22.0,7.967132897822795,1.391304347826087,2.75,0.0,1.0,0.043478260869565216,10.0,8.8,0.275,2.2,1.8160919540229885,14.0,0.011494252873563218,0.0,0.0,0.0,0.7064381221422574,0.29541957835039856,0.0,3.0,0.0,0.0,0.0,11,Parallel Motion,"Mikrokosmos, Volumes I-II",1,Béla Bártok,Piano 1 easy,beginner
126.0,118.0,8.0,36.0,0.0,24.0,9.398836163564708,1.1746031746031746,3.2777777777777777,0.0,1.0,0.06349206349206349,10.0,11.8,0.3277777777777778,2.4,1.8888888888888888,19.0,0.008547008547008548,0.0,0.0,0.0,0.37962732517782216,0.17457314953432695,0.0,2.0,0.0,0.0,1.0,12,Reflection,"Mikrokosmos, Volumes I-II",1,Béla Bártok,Piano 1 easy,beginner
78.0,70.0,8.0,32.0,0.0,31.0,9.004035376497834,1.2307692307692308,2.1875,0.0,1.0,0.10256410256410256,17.0,4.117647058823529,0.12867647058823528,1.8235294117647058,2.0869565217391304,12.0,0.043478260869565216,0.0,0.0,0.0,0.4783271309276315,0.21442250696755896,0.0,3.0,0.0,0.0,0.0,13,Change of Position,"Mikrokosmos, Volumes I-II",1,Béla Bártok,Piano 1 easy,beginner
76.0,68.0,8.0,32.0,0.0,26.0,6.890141394986505,1.6842105263157894,2.125,0.0,1.0,0.10526315789473684,16.0,4.25,0.1328125,1.625,2.671641791044776,10.0,0.08955223880597014,0.0,0.0,0.0,0.464829519280413,0.1731717816927029,0.0,2.0,0.0,0.0,0.0,14,Question and Answer,"Mikrokosmos, Volumes I-II",1,Béla Bártok,Piano 1 easy,beginner
66.0,60.0,6.0,26.0,0.0,33.0,9.29492095477716,1.5757575757575757,2.3076923076923075,0.0,1.0,0.09090909090909091,20.0,3.0,0.11538461538461538,1.65,2.0508474576271185,12.0,0.05084745762711865,0.0,0.0,0.0,0.6527472493496369,0.2534195203357414,0.0,3.0,0.06666666666666667,0.0,0.0,15,Village Song,"Mikrokosmos, Volumes I-II",1,Béla Bártok,Piano 1 easy,beginner
104.0,100.0,4.0,44.0,0.0,29.0,9.123919114064964,1.6923076923076923,2.272727272727273,0.0,1.0,0.038461538461538464,15.0,6.666666666666667,0.15151515151515152,1.9333333333333333,1.9090909090909092,10.0,0.020202020202020204,0.0,0.0,0.0,0.7477777728932147,0.27774602993176545,0.0,3.0,0.0,0.0,0.0,16,Parallel Motion and Change of Position,"Mikrokosmos, Volumes I-II",1,Béla Bártok,Piano 1 easy,beginner
78.0,70.0,8.0,32.0,0.0,32.0,9.507773404012152,1.2307692307692308,2.1875,0.0,1.0,0.10256410256410256,19.0,3.6842105263157894,0.11513157894736842,1.6842105263157894,2.0579710144927534,12.0,0.057971014492753624,0.0,0.0,0.0,0.4783271309276315,0.21442250696755896,0.0,3.0,0.1,0.0,0.0,17,Contrary Motion (1),"Mikrokosmos, Volumes I-II",1,Béla Bártok,Piano 1 easy,beginner
48.0,48.0,0.0,20.0,0.0,19.0,6.450129197672452,1.6666666666666667,2.4,0.0,1.0,0.0,10.0,4.8,0.24,1.9,2.5319148936170213,5.0,0.0,0.0,0.0,0.0,0.8498365855987975,0.31868871959954903,0.0,3.0,0.0,0.0,0.0,18,"Four Unison Melodies, no. 1","Mikrokosmos, Volumes I-II",1,Béla Bártok,Piano 1 easy,beginner
80.0,80.0,0.0,26.0,0.0,31.0,12.202433159005626,1.3,3.076923076923077,0.0,1.0,0.0,10.0,8.0,0.3076923076923077,3.1,2.810126582278481,22.0,0.012658227848101266,0.0,0.0,0.0,0.6,0.2608695652173913,0.0,3.0,0.0,0.0,0.0,19,"Four Unison Melodies, no. 2","Mikrokosmos, Volumes I-II",1,Béla Bártok,Piano 1 easy,beginner
74.0,68.0,6.0,32.0,0.0,19.0,6.469318057150033,1.7297297297297298,2.125,0.0,1.0,0.08108108108108109,10.0,6.8,0.2125,1.9,2.626865671641791,12.0,0.04477611940298507,0.0,0.0,0.0,0.9197134879553273,0.3369247431123476,0.0,3.0,0.0,0.0,0.0,20,"Four Unison Melodies, no. 3","Mikrokosmos, Volumes I-II",1,Béla Bártok,Piano 1 easy,beginner
74.0,65.0,9.0,32.0,0.0,31.0,12.172565914660128,1.2972972972972974,2.03125,0.0,1.0,0.12162162162162163,10.0,6.5,0.203125,3.1,2.375,24.0,0.015625,0.0,0.0,0.0,0.6520182746926929,0.2838197195721134,0.0,3.0,0.0,0.0,0.0,21,"Four Unison Melodies, no. 4","Mikrokosmos, Volumes I-II",1,Béla Bártok,Piano 1 easy,beginner
73.0,69.0,4.0,32.0,0.0,15.0,4.411704658770721,1.7534246575342465,2.15625,0.0,1.0,0.0547945205479452,10.0,6.9,0.215625,1.5,1.7205882352941178,10.0,0.014705882352941176,0.0,0.0,0.0,0.9620301296481883,0.3493940271856605,0.0,3.0,0.0,0.0,0.0,22,Imitation and Counterpoint,"Mikrokosmos, Volumes I-II",1,Béla Bártok,Piano 1 easy,beginner
76.0,66.0,10.0,24.0,0.0,19.0,6.300279848609814,1.263157894736842,2.75,0.0,1.0,0.13157894736842105,10.0,6.6,0.275,1.9,1.876923076923077,12.0,0.015384615384615385,0.0,0.0,0.0,0.5223535063494529,0.2308073632706885,0.0,3.0,0.0,0.0,0.0,23,Imitation and Inversion (1),"Mikrokosmos, Volumes I-II",1,Béla Bártok,Piano 1 easy,beginner
104.0,93.0,11.0,48.0,0.0,25.0,9.363004716678626,1.3846153846153846,1.9375,0.0,1.0,0.10576923076923077,10.0,9.3,0.19375,2.5,1.673913043478261,17.0,0.010869565217391304,0.0,0.0,0.0,0.7507392806131975,0.3148261499345667,0.0,3.0,0.3763440860215054,3.0,0.0,24,Pastorale,"Mikrokosmos, Volumes I-II",1,Béla Bártok,Piano 1 easy,beginner
161.0,134.0,27.0,94.0,0.0,18.0,6.392051340423158,2.3354037267080745,1.425531914893617,0.0,1.0,0.16770186335403728,10.0,13.4,0.14255319148936169,1.8,1.443609022556391,12.0,0.007518796992481203,0.0,0.0,0.0,1.4443898726055546,0.43304798787615323,0.0,4.0,0.0,0.0,0.0,25,Imitation and Inversion (2),"Mikrokosmos, Volumes I-II",1,Béla Bártok,Piano 1 easy,beginner
83.0,78.0,5.0,32.0,0.0,24.0,8.751828962603419,1.5421686746987953,2.4375,0.0,1.0,0.060240963855421686,10.0,7.8,0.24375,2.4,1.5194805194805194,19.0,0.012987012987012988,0.0,0.0,0.0,0.6994180854795177,0.2751265454729856,0.0,4.0,0.2564102564102564,2.0,0.0,26,Repetition (2),"Mikrokosmos, Volumes I-II",1,Béla Bártok,Piano 1 easy,beginner
63.0,60.0,3.0,28.0,0.0,23.0,8.26310407104309,1.7777777777777777,2.142857142857143,0.0,1.0,0.047619047619047616,10.0,6.0,0.21428571428571427,2.3,1.5593220338983051,12.0,0.01694915254237288,0.0,0.0,0.0,1.030402055055078,0.3709447398198281,0.0,4.0,0.016666666666666666,0.0,0.0,27,Syncopation (2),"Mikrokosmos, Volumes I-II",1,Béla Bártok,Piano 1 easy,beginner
58.0,53.0,5.0,28.0,0.0,19.0,6.282367239142224,1.9310344827586208,1.8928571428571428,0.0,1.0,0.08620689655172414,10.0,5.3,0.18928571428571428,1.9,2.1346153846153846,7.0,0.038461538461538464,0.0,0.0,0.0,0.925911833248107,0.31589933134347176,0.0,4.0,0.0,0.0,0.0,28,Canon at the Octave,"Mikrokosmos, Volumes I-II",1,Béla Bártok,Piano 1 easy,beginner
63.0,61.0,2.0,28.0,0.0,26.0,8.851517861324213,1.7777777777777777,2.1785714285714284,0.0,1.0,0.031746031746031744,10.0,6.1,0.21785714285714283,2.6,1.7333333333333334,12.0,0.016666666666666666,0.0,0.0,0.0,1.060764091847849,0.3818750730652256,0.0,3.0,0.29508196721311475,0.0,0.0,29,Imitation Reflected,"Mikrokosmos, Volumes I-II",1,Béla Bártok,Piano 1 easy,beginner
102.0,100.0,2.0,48.0,0.0,24.0,8.78322833586831,1.8823529411764706,2.0833333333333335,0.0,1.0,0.0196078431372549,10.0,10.0,0.20833333333333334,2.4,2.5555555555555554,19.0,0.06060606060606061,0.0,0.0,0.0,1.0782531046954917,0.3740878118331298,0.0,3.0,0.0,0.0,0.0,30,Canon at the Lower Fifth,"Mikrokosmos, Volumes I-II",1,Béla Bártok,Piano 1 easy,beginner
106.0,97.0,9.0,32.0,0.0,24.0,6.786841532169618,1.2075471698113207,3.03125,0.0,1.0,0.08490566037735849,15.0,6.466666666666667,0.20208333333333334,1.6,2.0833333333333335,12.0,0.020833333333333332,0.0,0.0,0.0,0.4701862563915891,0.21299035545943784,0.0,3.0,0.0,0.0,0.0,31,Little Dance in Canon Form,"Mikrokosmos, Volumes I-II",1,Béla Bártok,Piano 1 easy,beginner
122.0,112.0,10.0,28.0,1.0,14.0,4.067030440892084,1.4262295081967213,4.0,0.008928571428571428,1.009009009009009,0.08196721311475409,10.0,11.2,0.4,1.4,2.6486486486486487,7.0,0.018018018018018018,0.0,0.0,0.0,0.9910917377174977,0.40849051351869836,0.0,5.0,0.008928571428571428,0.0,0.0,32,In Dorian Mode,"Mikrokosmos, Volumes I-II",1,Béla Bártok,Piano 1 easy,beginner
137.0,121.0,16.0,30.0,0.0,21.0,6.432895617704111,1.313868613138686,4.033333333333333,0.0,1.0,0.11678832116788321,10.0,12.1,0.4033333333333333,2.1,2.9916666666666667,7.0,0.13333333333333333,0.0,0.0,0.0,0.7713087258813454,0.3333416260118118,0.0,4.0,0.12396694214876033,0.0,0.0,33,Slow Dance,"Mikrokosmos, Volumes I-II",1,Béla Bártok,Piano 1 easy,beginner
126.0,121.0,5.0,52.0,0.0,25.0,8.99874392649482,1.6507936507936507,2.326923076923077,0.0,1.0,0.03968253968253968,10.0,12.1,0.2326923076923077,2.5,2.433333333333333,19.0,0.025,0.0,0.0,0.0,0.9285375112514074,0.3502866060409501,0.0,4.0,0.0,0.0,0.0,34,In Phrygian Mode,"Mikrokosmos, Volumes I-II",1,Béla Bártok,Piano 1 easy,beginner
154.0,143.0,11.0,54.0,0.0,19.0,6.162954162573014,1.4025974025974026,2.6481481481481484,0.0,1.0,0.07142857142857142,10.0,14.3,0.26481481481481484,1.9,2.5211267605633805,12.0,0.056338028169014086,0.0,0.0,0.0,0.7855801109006033,0.3269711812937646,0.0,4.0,0.0,0.0,0.0,35,Chorale,"Mikrokosmos, Volumes I-II",1,Béla Bártok,Piano 1 easy,beginner
136.0,119.0,17.0,60.0,0.0,19.0,6.487209907231429,1.2794117647058822,1.9833333333333334,0.0,1.0,0.125,12.0,9.916666666666666,0.16527777777777777,1.5833333333333333,2.3389830508474576,12.0,0.0423728813559322,0.0,0.0,0.0,0.6381404104043275,0.2799583735967372,0.0,3.0,0.025210084033613446,0.0,0.0,36,Free Canon,"Mikrokosmos, Volumes I-II",1,Béla Bártok,Piano 1 easy,beginner
145.0,135.0,10.0,64.0,0.0,19.0,6.1018335862144415,1.7655172413793103,2.109375,0.0,1.0,0.06896551724137931,10.0,13.5,0.2109375,1.9,2.201492537313433,12.0,0.05223880597014925,0.0,0.0,0.0,0.8945335374946737,0.3234597579469518,0.0,3.0,0.0,0.0,0.0,37,In Lydian Mode,"Mikrokosmos, Volumes I-II",1,Béla Bártok,Piano 2 easy,beginner
59.0,59.0,0.0,16.0,0.0,20.0,6.997434585511459,1.6271186440677967,3.6875,0.0,1.0,0.0,10.0,5.9,0.36875,2.0,1.4827586206896552,8.0,0.017241379310344827,0.0,0.0,0.0,1.0560287792166247,0.4019722449921346,0.0,4.0,0.3220338983050847,2.0,0.0,38,Staccato and Legato (1),"Mikrokosmos, Volumes I-II",1,Béla Bártok,Piano 1 easy,beginner
118.0,113.0,5.0,22.0,0.0,19.0,6.438258367314226,1.4915254237288136,5.136363636363637,0.0,1.0,0.0423728813559322,10.0,11.3,0.5136363636363637,1.9,1.0714285714285714,8.0,0.008928571428571428,0.0,0.0,0.0,0.7783703392003413,0.3124071429443547,0.0,3.0,0.10619469026548672,1.0,0.0,39,"Staccato and Legato (2, Canon)","Mikrokosmos, Volumes I-II",1,Béla Bártok,Piano 2 easy,beginner
145.0,135.0,10.0,62.0,0.0,22.0,7.184207646370812,1.710344827586207,2.1774193548387095,0.0,1.0,0.06896551724137931,10.0,13.5,0.21774193548387094,2.2,4.104477611940299,14.0,0.417910447761194,0.0,0.0,0.0,0.8380374559920696,0.30919957027697226,0.0,3.0,0.2814814814814815,3.0,0.0,40,In Yugoslav Style,"Mikrokosmos, Volumes I-II",1,Béla Bártok,Piano 1 easy,beginner
134.0,113.0,21.0,28.0,0.0,22.0,7.8263817659704475,1.3880597014925373,4.035714285714286,0.0,1.0,0.15671641791044777,10.0,11.3,0.4035714285714286,2.2,3.017857142857143,16.0,0.07142857142857142,0.0,0.0,0.0,1.1056871150717693,0.46300647943630346,0.0,4.0,0.0,0.0,1.0,41,Melody with Accompaniment,"Mikrokosmos, Volumes I-II",1,Béla Bártok,Piano 2 easy,beginner
190.0,176.0,14.0,78.0,0.0,26.0,7.96258522276227,3.2842105263157895,2.2564102564102564,0.0,1.0,0.07368421052631578,16.0,11.0,0.14102564102564102,1.625,2.92,19.0,0.017142857142857144,0.0,0.0,0.0,2.3936897653039284,0.5587236552920718,0.0,5.0,0.09090909090909091,0.0,0.0,42,Accompaniment in Broken Triads,"Mikrokosmos, Volumes I-II",1,Béla Bártok,Piano 1 easy,beginner
167.0,157.0,10.0,54.0,0.0,22.0,7.187316012317198,1.2934131736526946,2.9074074074074074,0.0,1.0,0.059880239520958084,13.0,12.076923076923077,0.22364672364672364,1.6923076923076923,4.012820512820513,8.0,0.25,0.0,0.0,0.0,0.7684760348338001,0.3350796287656517,0.0,4.0,0.4585987261146497,3.0,0.0,45,M\u00e9ditation,"Mikrokosmos, Volumes I-II",1,Béla Bártok,Piano 2 easy,beginner
133.0,108.0,25.0,56.0,0.0,19.0,6.628025876784099,1.6842105263157894,1.9285714285714286,0.0,1.0,0.18796992481203006,10.0,10.8,0.19285714285714287,1.9,2.8878504672897196,19.0,0.08411214953271028,0.0,0.0,0.0,0.9606421806727482,0.35788630260357285,0.0,4.0,0.0,0.0,0.0,46,Increasing - Diminishing,"Mikrokosmos, Volumes I-II",1,Béla Bártok,Piano 2 easy,beginner
217.0,208.0,9.0,68.0,0.0,19.0,6.461302365192165,1.2534562211981566,3.0588235294117645,0.0,1.0,0.041474654377880185,11.0,18.90909090909091,0.27807486631016043,1.7272727272727273,3.033816425120773,12.0,0.0821256038647343,0.0,0.0,0.0,0.6824323123846366,0.3028380609150637,0.0,4.0,0.004807692307692308,0.0,0.0,47,Big Fair,"Mikrokosmos, Volumes I-II",1,Béla Bártok,Piano 2 easy,beginner
241.0,221.0,20.0,66.0,0.0,27.0,7.917734928753193,1.3692946058091287,3.3484848484848486,0.0,1.0,0.08298755186721991,15.0,14.733333333333333,0.22323232323232325,1.8,2.8181818181818183,19.0,0.05,0.0,0.0,0.0,0.9158194301062379,0.38653674720771164,0.0,5.0,0.0,0.0,0.0,48,In Mixolydian Mode,"Mikrokosmos, Volumes I-II",1,Béla Bártok,Piano 2 easy,beginner
114.0,82.0,32.0,20.0,0.0,26.0,9.569371624600462,1.0526315789473684,4.1,0.0,1.0,0.2807017543859649,13.0,6.3076923076923075,0.3153846153846154,2.0,2.950617283950617,24.0,0.024691358024691357,0.0,0.0,0.0,0.22329687826943606,0.10878565864408425,0.0,2.0,0.10975609756097561,0.0,0.0,49,Crescendo - Diminuendo,"Mikrokosmos, Volumes I-II",1,Béla Bártok,Piano 2 easy,beginner
143.0,134.0,9.0,36.0,0.0,19.0,6.268678926755252,1.5104895104895104,3.7222222222222223,0.0,1.0,0.06293706293706294,12.0,11.166666666666666,0.3101851851851852,1.5833333333333333,2.1503759398496243,12.0,0.022556390977443608,0.0,0.0,0.0,0.8096198958548981,0.3224948331678285,0.0,4.0,0.11940298507462686,0.0,0.0,50,Minuetto,"Mikrokosmos, Volumes I-II",1,Béla Bártok,Piano 2 easy,beginner
265.0,239.0,26.0,66.0,0.0,26.0,9.6441182048231,1.471698113207547,3.621212121212121,0.0,1.0,0.09811320754716982,10.0,23.9,0.3621212121212121,2.6,2.0126050420168067,12.0,0.004201680672268907,0.0,0.0,0.0,0.9635581384757513,0.3898364987726322,0.0,4.0,0.8284518828451883,5.0,0.0,51,Waves,"Mikrokosmos, Volumes I-II",1,Béla Bártok,Piano 2 easy,beginner
73.0,51.0,22.0,16.0,0.0,28.0,8.031368719361833,1.6027397260273972,3.1875,0.0,1.0,0.3013698630136986,15.0,3.4,0.2125,1.8666666666666667,6.36,18.0,0.34,0.0,0.0,0.0,1.0693709074670543,0.4108635591847104,0.0,4.0,0.09803921568627451,0.0,0.0,52,Monody Divided,"Mikrokosmos, Volumes I-II",1,Béla Bártok,Piano 1 easy,beginner
222.0,196.0,26.0,64.0,0.0,24.0,7.228572796989925,2.3063063063063063,3.0625,0.0,1.0,0.11711711711711711,15.0,13.066666666666666,0.20416666666666666,1.6,2.6102564102564103,17.0,0.06153846153846154,0.0,0.0,0.0,2.0013184518751848,0.6053034009758733,0.0,6.0,0.0,0.0,0.0,53,In Transylvanian Style,"Mikrokosmos, Volumes I-II",1,Béla Bártok,Piano 2 easy,beginner
128.0,96.0,32.0,22.0,0.0,23.0,7.1474351338823325,1.03125,4.363636363636363,0.0,1.0,0.25,21.0,4.571428571428571,0.20779220779220778,1.0952380952380953,1.3263157894736841,12.0,0.021052631578947368,0.0,0.0,0.0,0.17399263633843817,0.08565791327430802,0.0,2.0,0.4166666666666667,0.0,0.0,54,Chromatic,"Mikrokosmos, Volumes I-II",1,Béla Bártok,Piano 2 easy,beginner
109.0,93.0,16.0,24.0,0.0,22.0,8.061461787193146,2.5779816513761467,3.875,0.0,1.0,0.14678899082568808,12.0,7.75,0.3229166666666667,1.8333333333333333,3.608695652173913,22.0,0.14130434782608695,0.0,0.0,0.0,1.5755795670610837,0.44035428925553366,0.0,5.0,0.06451612903225806,0.0,0.0,56,Melody in Tenths,"Mikrokosmos, Volumes I-II",1,Béla Bártok,Piano 2 easy,beginner
327.0,290.0,37.0,88.0,0.0,41.0,9.277079781627029,2.452599388379205,3.2954545454545454,0.0,1.0,0.11314984709480122,32.0,9.0625,0.10298295454545454,1.28125,2.906574394463668,24.0,0.04498269896193772,0.0,0.0,0.0,1.2838866004492304,0.3718608665605831,0.0,5.0,0.2620689655172414,2.2222222222222223,0.0,57,Accents,"Mikrokosmos, Volumes I-II",1,Béla Bártok,Piano 2 easy,beginner
149.0,140.0,9.0,38.0,0.0,22.0,6.832455560015874,1.5302013422818792,3.6842105263157894,0.0,1.0,0.06040268456375839,15.0,9.333333333333334,0.24561403508771928,1.4666666666666666,2.741007194244604,14.0,0.050359712230215826,0.0,0.0,0.0,1.2181901361378007,0.48145976202793717,0.0,4.0,0.4142857142857143,0.0,0.0,58,In Oriental Style,"Mikrokosmos, Volumes I-II",1,Béla Bártok,Piano 2 easy,beginner
130.0,122.0,8.0,36.0,0.0,19.0,6.345363567737658,1.6615384615384616,3.388888888888889,0.0,1.0,0.06153846153846154,14.0,8.714285714285714,0.24206349206349206,1.3571428571428572,2.3057851239669422,12.0,0.03305785123966942,0.0,0.0,0.0,1.3731146299498262,0.5159101210794145,0.0,5.0,0.2540983606557377,0.0,0.0,59,Major and Minor,"Mikrokosmos, Volumes I-II",1,Béla Bártok,Piano 2 easy,beginner
249.0,241.0,8.0,66.0,9.0,31.0,9.377328972147811,1.9076305220883534,3.6515151515151514,0.03734439834024896,1.0387931034482758,0.0321285140562249,17.0,14.176470588235293,0.21479500891265596,1.8235294117647058,2.845833333333333,12.0,0.10416666666666667,0.0,0.0,0.0,0.9916832916996603,0.34106234755968984,0.0,4.0,0.2987551867219917,4.0,1.0,60,Canon with Sustained Notes,"Mikrokosmos, Volumes I-II",1,Béla Bártok,Piano 2 easy,beginner
231.0,204.0,27.0,70.0,6.0,38.0,9.049678135492826,1.3073593073593073,2.914285714285714,0.029411764705882353,1.0303030303030303,0.11688311688311688,22.0,9.272727272727273,0.13246753246753246,1.7272727272727273,3.7192118226600983,14.0,0.1477832512315271,0.0,0.0,0.0,0.7242774849650001,0.3138988724707599,0.0,3.0,0.11274509803921569,0.0,0.0,61,Pentatonic Melody,"Mikrokosmos, Volumes I-II",1,Béla Bártok,Piano 2 easy,beginner
282.0,267.0,15.0,80.0,1.0,39.0,9.789048522214808,1.1601423487544484,3.3375,0.003745318352059925,1.0037593984962405,0.05319148936170213,29.0,9.206896551724139,0.11508620689655172,1.3448275862068966,2.1240601503759398,15.0,0.02631578947368421,0.0,0.0,0.0,0.44559366736033895,0.2062797702277681,0.0,3.0,0.43820224719101125,0.0,0.0,62,Minor Sixths in Parallel Motion,"Mikrokosmos, Volumes I-II",1,Béla Bártok,Piano 2 easy,beginner
204.0,172.0,32.0,34.0,0.0,18.0,6.79689457213882,1.411764705882353,5.0588235294117645,0.0,1.0,0.1568627450980392,10.0,17.2,0.5058823529411764,1.8,1.2748538011695907,12.0,0.005847953216374269,0.0,0.0,0.0,1.427001114200965,0.5916833888150342,0.0,4.0,0.27906976744186046,1.0,0.0,63,Buzzing,"Mikrokosmos, Volumes I-II",1,Béla Bártok,Piano 2 easy,beginner
175.0,174.0,1.0,46.0,6.0,16.0,4.436174843865246,1.9542857142857142,3.782608695652174,0.034482758620689655,1.0357142857142858,0.005714285714285714,10.0,17.4,0.3782608695652174,1.6,2.9248554913294798,9.0,0.14450867052023122,0.0,0.0,0.0,1.282039191989043,0.4339591075398115,0.0,4.0,0.13793103448275862,0.0,0.0,64,Line and Point,"Mikrokosmos, Volumes I-II",1,Béla Bártok,Piano 3 easy,beginner
271.0,244.0,27.0,60.0,86.0,33.0,8.084380770528544,1.2435424354243543,4.066666666666666,0.3524590163934426,1.5443037974683544,0.0996309963099631,23.0,10.608695652173912,0.17681159420289855,1.434782608695652,4.679012345679013,28.0,0.25925925925925924,0.0,0.0,0.0,0.6707549287172602,0.2989713580302262,0.0,3.0,0.15163934426229508,2.0,0.0,66,Melody Divided,"Mikrokosmos, Volumes I-II",1,Béla Bártok,Piano 2 easy,beginner
111.0,110.0,1.0,32.0,37.0,26.0,9.025052368154652,1.6756756756756757,3.4375,0.33636363636363636,1.5068493150684932,0.009009009009009009,11.0,10.0,0.3125,2.3636363636363638,2.6605504587155964,12.0,0.009174311926605505,0.0,0.0,0.0,1.1637324400870803,0.4349303058911311,0.0,3.0,0.00909090909090909,0.0,0.0,67,Thirds against a Single Voice,"Mikrokosmos, Volumes III-IV",2,Béla Bártok,Piano 2 easy,beginner
591.0,529.0,62.0,80.0,323.0,40.0,11.914662262030959,1.5143824027072759,6.6125,0.610586011342155,2.5679611650485437,0.10490693739424704,27.0,19.59259259259259,0.2449074074074074,1.4814814814814814,4.511363636363637,26.0,0.15151515151515152,0.0,0.0,0.0,1.0321627693168216,0.41050349708360806,0.0,4.0,0.00945179584120983,0.0,0.0,69,Chord Study,"Mikrokosmos, Volumes III-IV",2,Béla Bártok,Piano 2 easy,beginner
212.0,192.0,20.0,48.0,59.0,11.0,3.176639313234804,1.8820754716981132,4.0,0.3072916666666667,1.443609022556391,0.09433962264150944,9.0,21.333333333333332,0.4444444444444444,1.2222222222222223,4.109947643979058,9.0,0.225130890052356,0.0,0.0,0.0,1.453771748312236,0.5044183480232309,0.0,5.0,0.3697916666666667,4.0,0.0,70,Melody against Double Notes,"Mikrokosmos, Volumes III-IV",2,Béla Bártok,Piano 2 easy,beginner
434.0,384.0,50.0,76.0,170.0,22.0,6.891468891225777,1.2880184331797235,5.052631578947368,0.4427083333333333,1.794392523364486,0.1152073732718894,16.0,24.0,0.3157894736842105,1.375,3.2637075718015667,19.0,0.033942558746736295,0.0,0.0,0.0,0.7574479584753442,0.3310497623145009,0.0,4.0,0.09635416666666667,1.0,1.0,71,Thirds,"Mikrokosmos, Volumes III-IV",2,Béla Bártok,Piano 3 easy,beginner
199.0,182.0,17.0,48.0,3.0,40.0,10.341745338916123,2.7386934673366836,3.7916666666666665,0.016483516483516484,1.0167597765363128,0.08542713567839195,29.0,6.275862068965517,0.1307471264367816,1.3793103448275863,3.972375690607735,27.0,0.13812154696132597,0.0,0.0,0.0,2.02299849631382,0.5410977160839384,0.0,6.0,0.3956043956043956,0.0,0.0,72,Dragons' Dance,"Mikrokosmos, Volumes III-IV",2,Béla Bártok,Piano 3 easy,beginner
477.0,456.0,21.0,58.0,288.0,40.0,10.06077996163528,1.2243186582809225,7.862068965517241,0.631578947368421,2.7142857142857144,0.0440251572327044,24.0,19.0,0.3275862068965517,1.6666666666666667,6.338461538461538,19.0,0.432967032967033,0.0,0.0,0.0,0.652358892690208,0.2932848179201029,0.0,4.0,0.0,0.0,0.0,73,Sixths and Triads,"Mikrokosmos, Volumes III-IV",2,Béla Bártok,Piano 2 easy,beginner
247.0,223.0,24.0,68.0,0.0,37.0,11.742635180697272,1.6477732793522266,3.2794117647058822,0.0,1.0,0.09716599190283401,20.0,11.15,0.16397058823529412,1.85,2.6666666666666665,15.0,0.06756756756756757,0.0,0.0,0.0,1.0539232187531014,0.3980413379694435,0.0,4.0,0.06278026905829596,0.0,0.0,74,Hungarian Song,"Mikrokosmos, Volumes III-IV",2,Béla Bártok,Piano 2 easy,beginner
233.0,219.0,14.0,60.0,0.0,19.0,6.201081362338534,3.956896551724138,3.65,0.0,1.0,0.060085836909871244,12.0,18.25,0.30416666666666664,1.5833333333333333,2.697247706422018,14.0,0.01834862385321101,0.0,0.0,0.0,2.834188570185022,0.5717667376373262,0.0,5.0,0.1004566210045662,0.0,1.0,75,Triplets,"Mikrokosmos, Volumes III-IV",2,Béla Bártok,Piano 2 easy,beginner
142.0,128.0,14.0,40.0,2.0,26.0,7.738142232787127,2.443661971830986,3.2,0.015625,1.0158730158730158,0.09859154929577464,17.0,7.529411764705882,0.18823529411764706,1.5294117647058822,3.456692913385827,16.0,0.14960629921259844,0.0,0.0,0.0,1.991264895923432,0.5782405219245957,0.0,4.0,0.0625,0.0,0.0,76,In Three Parts,"Mikrokosmos, Volumes III-IV",2,Béla Bártok,Piano 2 easy,beginner
258.0,251.0,7.0,36.0,8.0,39.0,11.948146726046675,2.5813953488372094,6.972222222222222,0.03187250996015936,1.0329218106995885,0.027131782945736434,22.0,11.409090909090908,0.31691919191919193,1.7727272727272727,2.864,24.0,0.048,0.0,0.0,0.0,1.6921967485925975,0.4724964947368941,0.0,6.0,0.17131474103585656,1.0,1.0,77,Little Study,"Mikrokosmos, Volumes III-IV",2,Béla Bártok,Piano 2 easy,beginner
181.0,169.0,12.0,60.0,3.0,34.0,9.140194377087207,1.4143646408839778,2.816666666666667,0.01775147928994083,1.0180722891566265,0.06629834254143646,17.0,9.941176470588236,0.16568627450980394,2.0,3.886904761904762,19.0,0.18452380952380953,0.0,0.0,0.0,0.7649889030130819,0.3168489506758989,0.0,4.0,0.047337278106508875,0.0,0.0,78,Five-tone Scale,"Mikrokosmos, Volumes III-IV",2,Béla Bártok,Piano 2 easy,beginner
289.0,283.0,6.0,34.0,1.0,19.0,6.81839089298303,1.453287197231834,8.323529411764707,0.0035335689045936395,1.00354609929078,0.020761245674740483,16.0,17.6875,0.5202205882352942,1.1875,2.652482269503546,16.0,0.031914893617021274,0.0,0.0,0.0,1.4112981792434025,0.5752682282106394,0.0,5.0,0.2226148409893993,0.0,0.0,79,Hommage \u00e0 J. S. B.,"Mikrokosmos, Volumes III-IV",2,Béla Bártok,Piano 3 easy,beginner
136.0,130.0,6.0,44.0,1.0,24.0,6.793906075543995,2.6470588235294117,2.9545454545454546,0.007692307692307693,1.0077519379844961,0.04411764705882353,24.0,5.416666666666667,0.12310606060606061,1.0,2.4728682170542635,13.0,0.05426356589147287,0.0,0.0,0.0,1.8650398661750223,0.5113818987899255,0.0,5.0,0.35384615384615387,3.0,0.0,80,Hommage \u00e0 R. Sch.,"Mikrokosmos, Volumes III-IV",2,Béla Bártok,Piano 3 easy,beginner
231.0,219.0,12.0,70.0,1.0,30.0,6.840432596587962,2.5454545454545454,3.1285714285714286,0.0045662100456621,1.0045871559633028,0.05194805194805195,29.0,7.551724137931035,0.10788177339901478,1.0344827586206897,2.1192660550458715,11.0,0.06880733944954129,0.0,0.0,0.0,1.4464057966052835,0.4079606092989261,0.0,5.0,0.1963470319634703,0.0,1.0,81,Wandering,"Mikrokosmos, Volumes III-IV",2,Béla Bártok,Piano 3 easy,beginner
318.0,294.0,24.0,50.0,138.0,19.0,6.5962966596353745,1.2816455696202531,5.88,0.46938775510204084,1.8846153846153846,0.07547169811320754,13.0,22.615384615384617,0.4523076923076923,1.4615384615384615,3.84641638225256,19.0,0.07508532423208192,0.0,0.0,0.0,0.6888201807930089,0.30189622348209544,0.0,4.0,0.1054421768707483,0.0,3.0,82,Scherzo,"Mikrokosmos, Volumes III-IV",2,Béla Bártok,Piano 3 easy,beginner
313.0,302.0,11.0,36.0,110.0,38.0,10.608990930634777,1.4376996805111821,8.38888888888889,0.36423841059602646,1.5729166666666667,0.03514376996805112,25.0,12.08,0.33555555555555555,1.52,5.1096345514950166,35.0,0.18272425249169436,0.0,0.0,0.0,1.0620300408047707,0.43566894203393614,0.0,4.0,0.08278145695364239,0.0,0.0,83,Melody with Interruptions,"Mikrokosmos, Volumes III-IV",2,Béla Bártok,Piano 3 easy,beginner
315.0,231.0,84.0,56.0,34.0,16.0,4.858901920050263,1.6793650793650794,4.125,0.1471861471861472,1.1725888324873097,0.26666666666666666,10.0,23.1,0.4125,1.6,2.6739130434782608,12.0,0.08260869565217391,0.0,0.0,0.0,1.1800132808182853,0.44040780030540266,0.0,6.0,0.30303030303030304,3.0,0.0,84,Merriment,"Mikrokosmos, Volumes III-IV",2,Béla Bártok,Piano 3 easy,beginner
491.0,358.0,133.0,124.0,0.0,36.0,6.269408552578034,6.153061224489796,2.8870967741935485,0.0,1.0,0.2708757637474542,30.0,11.933333333333334,0.09623655913978495,1.2,3.5322128851540615,17.0,0.09243697478991597,0.0,0.0,0.0,6.212482564039633,0.8685068349156692,0.0,8.0,0.04748603351955307,0.0,0.0,85,Broken Chords,"Mikrokosmos, Volumes III-IV",2,Béla Bártok,Piano 3 easy,beginner
262.0,241.0,21.0,72.0,9.0,17.0,4.597671402425851,3.7900763358778624,3.3472222222222223,0.03734439834024896,1.0387931034482758,0.08015267175572519,14.0,17.214285714285715,0.2390873015873016,1.2142857142857142,2.925,13.0,0.05416666666666667,0.0,0.0,0.0,3.6168890297761167,0.7550796221524643,0.0,6.0,0.4190871369294606,1.0,0.0,86,Two Major Pentachords,"Mikrokosmos, Volumes III-IV",2,Béla Bártok,Piano 3 easy,beginner
371.0,308.0,63.0,138.0,59.0,51.0,10.115084009711854,2.431266846361186,2.2318840579710146,0.19155844155844157,1.2369477911646587,0.16981132075471697,44.0,7.0,0.050724637681159424,1.1590909090909092,4.537459283387622,33.0,0.26058631921824105,0.0,0.0,0.0,1.5038112449138714,0.4382670635216389,0.0,4.0,0.17207792207792208,0.0,1.0,87,Variations,"Mikrokosmos, Volumes III-IV",2,Béla Bártok,Piano 3 easy,beginner
190.0,171.0,19.0,64.0,0.0,17.0,4.137822600051663,8.589473684210526,2.671875,0.0,1.0,0.1,15.0,11.4,0.178125,1.1333333333333333,2.1882352941176473,10.0,0.023529411764705882,0.0,0.0,0.0,6.7628937077215,0.7052413855472476,0.0,7.0,0.38011695906432746,0.0,0.0,88,Duet for Pipes,"Mikrokosmos, Volumes III-IV",2,Béla Bártok,Piano 3 easy,beginner
183.0,159.0,24.0,42.0,8.0,19.0,5.439339000786405,2.4754098360655736,3.7857142857142856,0.050314465408805034,1.0529801324503312,0.13114754098360656,12.0,13.25,0.31547619047619047,1.5833333333333333,3.2848101265822787,16.0,0.0759493670886076,0.0,0.0,0.0,1.6121793013787151,0.4638817801136869,0.0,6.0,0.2138364779874214,2.0,0.0,89,In Four Parts (1),"Mikrokosmos, Volumes III-IV",2,Béla Bártok,Piano 2 easy,beginner
264.0,249.0,15.0,52.0,18.0,33.0,9.551681802069197,2.628787878787879,4.788461538461538,0.07228915662650602,1.077922077922078,0.056818181818181816,27.0,9.222222222222221,0.17735042735042736,1.2222222222222223,3.629032258064516,26.0,0.11693548387096774,0.0,0.0,0.0,2.064876924317851,0.5690266263255873,0.0,5.0,0.30120481927710846,0.0,0.0,90,In Russian Style,"Mikrokosmos, Volumes III-IV",2,Béla Bártok,Piano 3 easy,beginner
207.0,189.0,18.0,34.0,1.0,42.0,9.060932684100026,1.3137254901960784,5.5588235294117645,0.005291005291005291,1.0053191489361701,0.08695652173913043,43.0,4.395348837209302,0.1292749658002736,0.9767441860465116,2.345744680851064,19.0,0.031914893617021274,0.0,0.0,0.0,0.6857140568645377,0.2963679398312833,0.0,4.0,0.4074074074074074,0.0,1.0,91,Chromatic Invention (1),"Mikrokosmos, Volumes III-IV",2,Béla Bártok,Piano 3 easy,beginner
481.0,423.0,58.0,66.0,0.0,49.0,12.018403807451715,1.0478170478170479,6.409090909090909,0.0,1.0,0.12058212058212059,34.0,12.441176470588236,0.18850267379679145,1.4411764705882353,2.5971563981042656,37.0,0.04739336492890995,0.0,0.0,0.0,0.24084142133180175,0.11760885650821994,0.0,3.0,0.4562647754137116,0.0,1.0,92,Chromatic Invention (2),"Mikrokosmos, Volumes III-IV",2,Béla Bártok,Piano 4 medium,intermediate
175.0,167.0,8.0,32.0,2.0,32.0,9.491699856499459,1.8628571428571428,5.21875,0.011976047904191617,1.0121212121212122,0.045714285714285714,24.0,6.958333333333333,0.21744791666666666,1.3333333333333333,3.13855421686747,12.0,0.05421686746987952,0.0,0.0,0.0,1.3705235108809886,0.4787257772538383,0.0,5.0,0.04790419161676647,0.0,2.0,93,In Four Parts (2),"Mikrokosmos, Volumes III-IV",2,Béla Bártok,Piano 3 easy,beginner
217.0,187.0,30.0,68.0,2.0,45.0,9.695855223258798,1.76036866359447,2.75,0.0106951871657754,1.0108108108108107,0.1382488479262673,37.0,5.054054054054054,0.07432432432432433,1.2162162162162162,2.935483870967742,17.0,0.10215053763440861,0.0,0.0,0.0,1.1981921299258256,0.43406960299483166,0.0,5.0,0.29411764705882354,3.0,1.0,94,Tale,"Mikrokosmos, Volumes III-IV",2,Béla Bártok,Piano 4 medium,intermediate
187.0,183.0,4.0,32.0,65.0,26.0,7.472513259798777,2.299465240641711,5.71875,0.3551912568306011,1.5508474576271187,0.0213903743315508,18.0,10.166666666666666,0.3177083333333333,1.4444444444444444,4.1923076923076925,12.0,0.2802197802197802,0.0,0.0,0.0,0.9285430670687347,0.28142229099165866,0.0,4.0,0.16939890710382513,2.0,0.0,95,Song of the Fox,"Mikrokosmos, Volumes III-IV",2,Béla Bártok,Piano 3 easy,beginner
283.0,258.0,25.0,68.0,0.0,40.0,8.152887718492849,1.4628975265017667,3.7941176470588234,0.0,1.0,0.08833922261484099,32.0,8.0625,0.11856617647058823,1.25,2.782101167315175,12.0,0.03501945525291829,0.0,0.0,0.0,1.3001228863205654,0.527883467473056,0.0,4.0,0.12015503875968993,1.0,0.0,96,Stumblings,"Mikrokosmos, Volumes III-IV",2,Béla Bártok,Piano 3 easy,beginner
339.0,301.0,38.0,74.0,0.0,43.0,8.761076397436893,2.6194690265486726,4.0675675675675675,0.0,1.0,0.11209439528023599,33.0,9.121212121212121,0.12325962325962325,1.303030303030303,2.8666666666666667,20.0,0.013333333333333334,0.0,0.0,0.0,1.8798037809676706,0.5193589908296987,0.0,6.0,0.3754152823920266,1.0,0.0,97,Notturno,"Mikrokosmos, Volumes III-IV",2,Béla Bártok,Piano 4 medium,intermediate
161.0,154.0,7.0,58.0,0.0,39.0,11.651572852665348,1.4161490683229814,2.6551724137931036,0.0,1.0,0.043478260869565216,36.0,4.277777777777778,0.07375478927203066,1.0833333333333333,2.588235294117647,15.0,0.032679738562091505,0.0,0.0,0.0,0.6261288559380269,0.25914330541393915,0.0,3.0,0.24675324675324675,1.0,0.0,98,Thumb Under,"Mikrokosmos, Volumes III-IV",2,Béla Bártok,Piano 3 easy,beginner
193.0,180.0,13.0,46.0,0.0,24.0,7.044926376784997,1.4404145077720207,3.9130434782608696,0.0,1.0,0.06735751295336788,17.0,10.588235294117647,0.23017902813299232,1.411764705882353,2.7486033519553073,17.0,0.055865921787709494,0.0,0.0,0.0,0.9317785290223409,0.3818115840792183,0.0,5.0,0.022222222222222223,0.0,0.0,99,Crossed Hands,"Mikrokosmos, Volumes III-IV",2,Béla Bártok,Piano 4 medium,intermediate
212.0,175.0,37.0,50.0,9.0,27.0,6.869854883652855,2.292452830188679,3.5,0.05142857142857143,1.0542168674698795,0.17452830188679244,27.0,6.481481481481482,0.12962962962962962,1.0,3.3275862068965516,24.0,0.14942528735632185,0.0,0.0,0.0,1.027609252623241,0.31211054664201593,0.0,5.0,0.29714285714285715,0.0,1.0,100,In the Style of a Folksong,"Mikrokosmos, Volumes III-IV",2,Béla Bártok,Piano 4 medium,intermediate
253.0,236.0,17.0,88.0,0.0,22.0,4.49225090079599,1.407114624505929,2.6818181818181817,0.0,1.0,0.06719367588932806,21.0,11.238095238095237,0.1277056277056277,1.0476190476190477,2.578723404255319,17.0,0.02127659574468085,0.0,0.0,0.0,0.8270792308206624,0.34359777569396976,0.0,4.0,0.4279661016949153,0.0,0.0,101,Diminished Fifths,"Mikrokosmos, Volumes III-IV",2,Béla Bártok,Piano 4 medium,intermediate
421.0,400.0,21.0,88.0,183.0,45.0,10.159820064843668,6.825775656324582,4.545454545454546,0.4575,1.8433179723502304,0.0498812351543943,42.0,9.523809523809524,0.10822510822510824,1.0714285714285714,5.075187969924812,37.0,0.20551378446115287,0.0,0.0,0.0,5.611163783437667,0.717010559701245,0.0,8.0,0.32,0.0,1.0,102,Harmonics,"Mikrokosmos, Volumes III-IV",2,Béla Bártok,Piano 5 medium,intermediate
378.0,355.0,23.0,88.0,0.0,33.0,7.497790456780116,1.469496021220159,4.034090909090909,0.0,1.0,0.06084656084656084,22.0,16.136363636363637,0.18336776859504134,1.5,2.946327683615819,26.0,0.03954802259887006,0.0,0.0,0.0,1.1698003686544398,0.47370004187188375,0.0,8.0,0.3126760563380282,0.0,4.0,103,Minor and Major,"Mikrokosmos, Volumes III-IV",2,Béla Bártok,Piano 5 medium,intermediate
184.0,176.0,8.0,50.0,0.0,35.0,8.104487775759676,1.108695652173913,3.52,0.0,1.0,0.043478260869565216,32.0,5.5,0.11,1.09375,2.462857142857143,17.0,0.04,0.0,0.0,0.0,0.31125697963644244,0.1476064027141892,0.0,2.0,0.36363636363636365,2.6666666666666665,1.0,104,Wandering through the Keys,"Mikrokosmos, Volumes III-IV",2,Béla Bártok,Piano 3 easy,beginner
329.0,312.0,17.0,94.0,7.0,14.0,3.671548155924892,2.1458966565349544,3.3191489361702127,0.022435897435897436,1.022950819672131,0.05167173252279635,11.0,28.363636363636363,0.30174081237911027,1.2727272727272727,3.1864951768488745,9.0,0.14469453376205788,0.0,0.0,0.0,1.8092946118196567,0.5751284321629633,0.0,6.0,0.5,4.0,2.0,105,Playsong (with two pentatonic scales),"Mikrokosmos, Volumes III-IV",2,Béla Bártok,Piano 4 medium,intermediate
235.0,215.0,20.0,88.0,0.0,31.0,7.904117129958939,1.7659574468085106,2.4431818181818183,0.0,1.0,0.0851063829787234,26.0,8.26923076923077,0.09396853146853147,1.1923076923076923,2.7383177570093458,16.0,0.04205607476635514,0.0,0.0,0.0,1.210112812702114,0.43750232459230276,0.0,4.0,0.2837209302325581,0.0,0.0,106,Children's Song,"Mikrokosmos, Volumes III-IV",2,Béla Bártok,Piano 4 medium,intermediate
327.0,265.0,62.0,88.0,156.0,43.0,6.356719981912392,2.287461773700306,3.0113636363636362,0.5886792452830188,2.4311926605504586,0.18960244648318042,24.0,11.041666666666666,0.12547348484848483,1.7916666666666667,4.382575757575758,26.0,0.23863636363636365,0.0,0.0,0.0,1.5533121298366828,0.47249587577357693,0.0,5.0,0.35471698113207545,0.0,0.0,107,Melody in the Mist,"Mikrokosmos, Volumes III-IV",2,Béla Bártok,Piano 3 easy,beginner
441.0,349.0,92.0,66.0,8.0,19.0,6.303503512652198,1.7301587301587302,5.287878787878788,0.022922636103151862,1.0234604105571847,0.20861678004535147,16.0,21.8125,0.33049242424242425,1.1875,2.2442528735632186,15.0,0.0028735632183908046,0.0,0.0,0.0,1.3693178937263302,0.501552484329993,0.0,5.0,0.39255014326647564,0.0,0.0,108,Wrestling,"Mikrokosmos, Volumes III-IV",2,Béla Bártok,Piano 5 medium,intermediate
423.0,382.0,41.0,86.0,11.0,54.0,10.626112345974216,1.6453900709219857,4.441860465116279,0.028795811518324606,1.0296495956873315,0.09692671394799054,34.0,11.235294117647058,0.13064295485636115,1.588235294117647,3.9291338582677167,24.0,0.12335958005249344,0.0,0.0,0.0,1.3810679653490026,0.5220659064724112,0.0,6.0,0.36387434554973824,0.0,1.0,109,From the Island of Bali,"Mikrokosmos, Volumes III-IV",2,Béla Bártok,Piano 4 medium,intermediate
650.0,578.0,72.0,146.0,212.0,26.0,4.496284163781702,1.4861538461538462,3.958904109589041,0.36678200692041524,1.5792349726775956,0.11076923076923077,27.0,21.40740740740741,0.14662607813292744,0.9629629629629629,4.116117850953207,12.0,0.23743500866551126,0.0,0.0,0.0,0.8756319780288666,0.35220345650913565,0.0,3.0,0.42387543252595156,0.0,0.0,110,Clashing Sounds,"Mikrokosmos, Volumes III-IV",2,Béla Bártok,Piano 5 medium,intermediate
286.0,259.0,27.0,110.0,19.0,44.0,9.041325198016878,2.6363636363636362,2.3545454545454545,0.07335907335907337,1.0791666666666666,0.0944055944055944,43.0,6.023255813953488,0.054756871035940805,1.0232558139534884,3.186046511627907,18.0,0.11627906976744186,0.0,0.0,0.0,1.8531600474526988,0.5096190130494922,0.0,7.0,0.42857142857142855,3.0,1.0,111,Intermezzo,"Mikrokosmos, Volumes III-IV",2,Béla Bártok,Piano 4 medium,intermediate
623.0,559.0,64.0,120.0,218.0,42.0,10.484563677396915,1.2648475120385232,4.658333333333333,0.38998211091234347,1.6392961876832846,0.10272873194221509,30.0,18.633333333333333,0.15527777777777776,1.4,6.931899641577061,24.0,0.7186379928315412,0.0,0.0,0.0,0.6274872313789096,0.27705495758260856,0.0,4.0,0.046511627906976744,0.0,1.0,112,Variations on a Folk Tune,"Mikrokosmos, Volumes III-IV",2,Béla Bártok,Piano 4 medium,intermediate
315.0,248.0,67.0,64.0,0.0,29.0,7.125596712694783,1.4190476190476191,3.875,0.0,1.0,0.2126984126984127,21.0,11.80952380952381,0.18452380952380953,1.380952380952381,4.190283400809717,16.0,0.2631578947368421,0.0,0.0,0.0,1.1221941578404142,0.46389915973717905,0.0,5.0,0.3387096774193548,0.0,0.0,113,Bulgarian Rhythm (1),"Mikrokosmos, Volumes III-IV",2,Béla Bártok,Piano 4 medium,intermediate
288.0,251.0,37.0,38.0,0.0,45.0,10.290510426968241,1.8472222222222223,6.605263157894737,0.0,1.0,0.1284722222222222,44.0,5.704545454545454,0.1501196172248804,1.0227272727272727,2.904,20.0,0.076,0.0,0.0,0.0,1.6043320020617635,0.5634727031631559,0.0,5.0,0.3944223107569721,2.0,2.0,114,Theme and Inversion,"Mikrokosmos, Volumes III-IV",2,Béla Bártok,Piano 4 medium,intermediate
231.0,202.0,29.0,64.0,7.0,33.0,7.275139459251195,1.5238095238095237,3.15625,0.034653465346534656,1.035897435897436,0.12554112554112554,30.0,6.733333333333333,0.10520833333333333,1.1,3.2238805970149254,21.0,0.13432835820895522,0.0,0.0,0.0,0.8518354199999199,0.33751969471694937,0.0,4.0,0.35148514851485146,0.0,0.0,115,Bulgarian Rhythm (2),"Mikrokosmos, Volumes III-IV",2,Béla Bártok,Piano 4 medium,intermediate
461.0,422.0,39.0,86.0,92.0,53.0,10.855371351195021,2.017353579175705,4.906976744186046,0.21800947867298578,1.2787878787878788,0.08459869848156182,46.0,9.173913043478262,0.10667340748230536,1.1521739130434783,3.7553444180522564,38.0,0.21140142517814728,0.0,0.0,0.0,1.2054298441863323,0.39949903534859754,0.0,6.0,0.2677725118483412,0.0,0.0,116,Melody,"Mikrokosmos, Volumes III-IV",2,Béla Bártok,Piano 4 medium,intermediate
394.0,367.0,27.0,56.0,1.0,38.0,7.597671355589483,1.5939086294416243,6.553571428571429,0.0027247956403269754,1.0027322404371584,0.06852791878172589,38.0,9.657894736842104,0.1724624060150376,1.0,2.628415300546448,23.0,0.040983606557377046,0.0,0.0,0.0,1.6207923899583354,0.6248455984770883,0.0,7.0,0.3651226158038147,1.0,2.0,117,Bour\u00e9e,"Mikrokosmos, Volumes III-IV",2,Béla Bártok,Piano 5 medium,intermediate
485.0,374.0,111.0,68.0,0.0,41.0,8.540411662162654,1.243298969072165,5.5,0.0,1.0,0.2288659793814433,40.0,9.35,0.1375,1.025,2.260053619302949,20.0,0.0160857908847185,0.0,0.0,0.0,0.7053415077650377,0.3144215360901133,0.0,5.0,0.2887700534759358,0.0,0.0,118,Triplets in 9/8 Time,"Mikrokosmos, Volumes III-IV",2,Béla Bártok,Piano 4 medium,intermediate
200.0,182.0,18.0,58.0,0.0,40.0,9.598704527573295,1.755,3.1379310344827585,0.0,1.0,0.09,36.0,5.055555555555555,0.0871647509578544,1.1111111111111112,2.983425414364641,24.0,0.0718232044198895,0.0,0.0,0.0,1.0700350461550314,0.38839747591834173,0.0,5.0,0.47802197802197804,4.0,0.0,119,Dance in 3/4 Time,"Mikrokosmos, Volumes III-IV",2,Béla Bártok,Piano 4 medium,intermediate
590.0,523.0,67.0,90.0,282.0,55.0,9.617925709476195,1.2661016949152541,5.811111111111111,0.5391969407265774,2.1701244813278007,0.1135593220338983,42.0,12.452380952380953,0.13835978835978835,1.3095238095238095,4.461685823754789,55.0,0.15900383141762453,0.0,0.0,0.0,0.6233072451540524,0.27505704909565515,0.0,4.0,0.05162523900573614,0.0,3.0,120,Fifth Chords,"Mikrokosmos, Volumes III-IV",2,Béla Bártok,Piano 5 medium,intermediate
320.0,305.0,15.0,50.0,0.0,38.0,8.025780818916756,1.425,6.1,0.0,1.0,0.046875,34.0,8.970588235294118,0.17941176470588235,1.1176470588235294,2.325657894736842,14.0,0.029605263157894735,0.0,0.0,0.0,1.1321991874224253,0.46688626285460844,0.0,6.0,0.3442622950819672,3.3333333333333335,4.0,121,Two-part Study,"Mikrokosmos, Volumes III-IV",2,Béla Bártok,Piano 4 medium,intermediate
1164.0,1042.0,122.0,144.0,689.0,52.0,10.862183285401887,1.2164948453608246,7.236111111111111,0.6612284069097889,2.951841359773371,0.10481099656357389,33.0,31.575757575757574,0.21927609427609426,1.5757575757575757,4.9548511047070125,40.0,0.3381364073006724,0.0,0.0,0.0,0.43021941473949143,0.19409899176618914,0.0,3.0,0.04702495201535509,0.5,0.0,122,Chords Together and Opposed,"Mikrokosmos, Volumes V-VI",3,Béla Bártok,Piano 6 medium,intermediate
333.0,294.0,39.0,104.0,0.0,39.0,9.964651300138033,1.2552552552552552,2.826923076923077,0.0,1.0,0.11711711711711711,40.0,7.35,0.07067307692307692,0.975,1.713310580204778,17.0,0.023890784982935155,0.0,0.0,0.0,0.6916561994286743,0.3066864372966026,0.0,3.0,0.3741496598639456,0.0,0.0,123,Staccato and Legato (3),"Mikrokosmos, Volumes V-VI",3,Béla Bártok,Piano 5 medium,intermediate
482.0,334.0,148.0,74.0,0.0,48.0,8.457263486262741,1.2033195020746887,4.513513513513513,0.0,1.0,0.3070539419087137,40.0,8.35,0.11283783783783782,1.2,1.9639639639639639,30.0,0.06306306306306306,0.0,0.0,0.0,0.871487840187557,0.3955340291623375,0.0,4.0,0.44610778443113774,0.0,0.0,124,Staccato,"Mikrokosmos, Volumes V-VI",3,Béla Bártok,Piano 5 medium,intermediate
455.0,393.0,62.0,94.0,1.0,46.0,7.832428933851839,3.1186813186813187,4.180851063829787,0.002544529262086514,1.0025510204081634,0.13626373626373625,41.0,9.585365853658537,0.10197197716658019,1.1219512195121952,4.563775510204081,19.0,0.2066326530612245,0.0,0.0,0.0,2.1836511459053267,0.5301821085309092,0.0,9.0,0.34096692111959287,0.0,1.0,125,Boating,"Mikrokosmos, Volumes V-VI",3,Béla Bártok,Piano 5 medium,intermediate
420.0,373.0,47.0,70.0,180.0,43.0,9.719953667544488,1.569047619047619,5.328571428571428,0.48257372654155495,1.932642487046632,0.11190476190476191,39.0,9.564102564102564,0.13663003663003662,1.1025641025641026,5.577956989247312,31.0,0.31989247311827956,0.0,0.0,0.0,0.695217710072962,0.27061301040838187,0.0,5.0,0.10455764075067024,1.0,4.0,126,Change of Time,"Mikrokosmos, Volumes V-VI",3,Béla Bártok,Piano 5 medium,intermediate
452.0,436.0,16.0,132.0,53.0,47.0,9.846377824250435,2.9066666666666667,3.303030303030303,0.12155963302752294,1.1383812010443863,0.035398230088495575,41.0,10.634146341463415,0.08056171470805618,1.146341463414634,3.7586206896551726,23.0,0.2367816091954023,0.0,0.0,0.0,1.7975786182776232,0.4601310456342039,0.0,5.0,0.45642201834862384,2.0,1.0,128,Peasant Dance,"Mikrokosmos, Volumes V-VI",3,Béla Bártok,Piano 4 medium,intermediate
722.0,601.0,121.0,120.0,300.0,60.0,8.643746625094813,3.515235457063712,5.008333333333334,0.49916805324459235,1.9966777408637875,0.16759002770083103,36.0,16.694444444444443,0.1391203703703704,1.6666666666666667,3.715,51.0,0.05,0.0,0.0,0.0,1.444414406533308,0.3198979145757817,0.0,5.0,0.016638935108153077,0.0,1.0,129,Alternating Thirds,"Mikrokosmos, Volumes V-VI",3,Béla Bártok,Piano 5 medium,intermediate
404.0,356.0,48.0,74.0,64.0,63.0,12.855671817491908,8.737623762376238,4.8108108108108105,0.1797752808988764,1.2191780821917808,0.1188118811881188,55.0,6.472727272727273,0.08746928746928746,1.1454545454545455,4.498591549295774,22.0,0.24225352112676057,0.0,0.0,0.0,3.7615130588778523,0.38628654697169607,0.0,4.0,0.31179775280898875,0.0,0.0,130,Village Joke,"Mikrokosmos, Volumes V-VI",3,Béla Bártok,Piano 5 medium,intermediate
588.0,522.0,66.0,100.0,229.0,51.0,11.304733887390071,1.2108843537414966,5.22,0.4386973180076628,1.7815699658703072,0.11224489795918367,45.0,11.6,0.11599999999999999,1.1333333333333333,5.3973128598848366,31.0,0.14395393474088292,0.0,0.0,0.0,0.5437497988678249,0.24594221671867775,0.0,4.0,0.6666666666666666,6.0,0.0,131,Fourths,"Mikrokosmos, Volumes V-VI",3,Béla Bártok,Piano 5 medium,intermediate
319.0,286.0,33.0,48.0,63.0,19.0,4.27048915321266,3.0344827586206895,5.958333333333333,0.2202797202797203,1.2825112107623318,0.10344827586206896,20.0,14.3,0.29791666666666666,0.95,2.0140350877192983,12.0,0.010526315789473684,0.0,0.0,0.0,2.6229160646701253,0.650124494661826,0.0,7.0,0.42657342657342656,0.0,1.0,132,Major Seconds Broken and Together,"Mikrokosmos, Volumes V-VI",3,Béla Bártok,Piano 5 medium,intermediate
651.0,470.0,181.0,76.0,185.0,62.0,9.650688573889623,1.3870967741935485,6.184210526315789,0.39361702127659576,1.6491228070175439,0.2780337941628264,52.0,9.038461538461538,0.11892712550607287,1.1923076923076923,3.577825159914712,35.0,0.15778251599147122,0.0,0.0,0.0,1.316591286552804,0.5515449984207692,0.0,5.0,0.4851063829787234,0.0,2.0,133,Syncopation (3),"Mikrokosmos, Volumes V-VI",3,Béla Bártok,Piano 5 medium,intermediate
602.0,573.0,29.0,42.0,285.0,50.0,10.945188932801056,1.1168614357262103,13.642857142857142,0.4973821989528796,1.9895833333333333,0.04817275747508306,50.0,11.46,0.27285714285714285,1.0,3.5734265734265733,28.0,0.024475524475524476,140.0,1337.0,26.74,0.7442822667866208,0.3515970645151308,49.22358903211831,4.0,0.4397905759162304,0.0,0.0,134,Studies in Double Notes,"Mikrokosmos, Volumes V-VI",3,Béla Bártok,Piano 4 medium,intermediate
602.0,566.0,36.0,42.0,283.0,38.0,8.680250672572233,1.0033222591362125,13.476190476190476,0.5,2.0,0.059800664451827246,38.0,14.894736842105264,0.35463659147869675,1.0,3.48141592920354,25.0,0.01415929203539823,0.0,0.0,0.0,0.05754321619830157,0.02872389398953362,0.0,2.0,0.47703180212014135,0.0,0.0,135,Perpetuum mobile,"Mikrokosmos, Volumes V-VI",3,Béla Bártok,Piano 5 medium,intermediate
554.0,533.0,21.0,162.0,46.0,53.0,8.171475895741422,5.406137184115524,3.2901234567901234,0.08630393996247655,1.0944558521560575,0.03790613718411552,38.0,14.026315789473685,0.08658219623131903,1.394736842105263,3.8402255639097747,21.0,0.14473684210526316,0.0,0.0,0.0,5.397823323433253,0.842601893824182,0.0,6.0,0.41275797373358347,0.0,1.0,136,Whole-tone Scale,"Mikrokosmos, Volumes V-VI",3,Béla Bártok,Piano 5 medium,intermediate
552.0,525.0,27.0,128.0,0.0,64.0,14.842941442234297,2.4456521739130435,4.1015625,0.0,1.0,0.04891304347826087,51.0,10.294117647058824,0.08042279411764706,1.2549019607843137,4.122137404580153,36.0,0.1450381679389313,0.0,0.0,0.0,1.3148879692850781,0.38160786490292486,0.0,5.0,0.4342857142857143,2.0,4.0,137,Unison,"Mikrokosmos, Volumes V-VI",3,Béla Bártok,Piano 4 medium,intermediate
860.0,848.0,12.0,154.0,6.0,48.0,10.351143721965926,104.31976744186046,5.5064935064935066,0.007075471698113208,1.007125890736342,0.013953488372093023,24.0,35.333333333333336,0.22943722943722944,2.0,3.5478158205430934,24.0,0.2101534828807556,0.0,0.0,0.0,157.55224701501658,1.4959418430352112,0.0,17.0,0.09080188679245282,0.0,1.0,138,Bagpipe,"Mikrokosmos, Volumes V-VI",3,Béla Bártok,Piano 6 medium,intermediate
423.0,382.0,41.0,104.0,48.0,49.0,10.58045914817971,2.699763593380615,3.673076923076923,0.1256544502617801,1.1437125748502994,0.09692671394799054,41.0,9.317073170731707,0.08958724202626642,1.1951219512195121,4.028871391076115,42.0,0.2099737532808399,0.0,0.0,0.0,2.165094888894724,0.5851981712475836,0.0,6.0,0.16230366492146597,0.0,0.0,139,Merry Andrew,"Mikrokosmos, Volumes V-VI",3,Béla Bártok,Piano 4 medium,intermediate
1155.0,978.0,177.0,164.0,427.0,56.0,11.153270558339543,2.9835497835497837,5.963414634146342,0.43660531697341515,1.7749546279491832,0.15324675324675324,51.0,19.176470588235293,0.1169296987087518,1.0980392156862746,3.878198567041965,25.0,0.11770726714431934,0.0,0.0,0.0,2.2321320241111913,0.5603374240053088,0.0,9.0,0.3670756646216769,2.0,7.0,140,Free Variations,"Mikrokosmos, Volumes V-VI",3,Béla Bártok,Piano 7 difficult,advanced
774.0,724.0,50.0,164.0,6.0,62.0,11.207466169052937,6.038759689922481,4.414634146341464,0.008287292817679558,1.0083565459610029,0.06459948320413436,49.0,14.775510204081632,0.09009457441513191,1.2653061224489797,3.172890733056708,27.0,0.08713692946058091,0.0,0.0,0.0,6.415907758333165,0.911511124256584,0.0,10.0,0.39779005524861877,0.0,4.0,141,Subject and Reflection,"Mikrokosmos, Volumes V-VI",3,Béla Bártok,Piano 7 difficult,advanced
819.0,777.0,42.0,206.0,86.0,25.0,4.815851163391957,1.4554334554334554,3.7718446601941746,0.11068211068211069,1.1244573082489147,0.05128205128205128,25.0,31.08,0.150873786407767,1.0,2.5141752577319587,17.0,0.06701030927835051,0.0,0.0,0.0,0.9396459216247539,0.3826802634563269,0.0,5.0,0.47104247104247104,2.0,1.0,142,From the Diary of a Fly,"Mikrokosmos, Volumes V-VI",3,Béla Bártok,Piano 7 difficult,advanced
857.0,705.0,152.0,160.0,59.0,55.0,10.335110757047776,7.467911318553092,4.40625,0.08368794326241134,1.0913312693498451,0.17736289381563594,53.0,13.30188679245283,0.08313679245283019,1.0377358490566038,5.0866477272727275,38.0,0.234375,0.0,0.0,0.0,10.201549265807982,1.2047302908636406,0.0,12.0,0.42836879432624114,0.0,1.0,143,Divided Arpeggios,"Mikrokosmos, Volumes V-VI",3,Béla Bártok,Piano 5 medium,intermediate
905.0,772.0,133.0,140.0,201.0,60.0,11.545410179576276,27.98232044198895,5.514285714285714,0.2603626943005181,1.3520140105078808,0.14696132596685083,57.0,13.543859649122806,0.09674185463659148,1.0526315789473684,6.3916990920881975,31.0,0.3955901426718547,0.0,0.0,0.0,24.03992344990781,0.8294685547358485,0.0,17.0,0.4637305699481865,1.0,2.0,144,"Minor Seconds, Major Sevenths","Mikrokosmos, Volumes V-VI",3,Béla Bártok,Piano 6 medium,intermediate
614.0,552.0,62.0,100.0,5.0,55.0,12.786931554033119,1.260586319218241,5.52,0.009057971014492754,1.0091407678244972,0.10097719869706841,53.0,10.415094339622641,0.10415094339622641,1.0377358490566038,2.8602540834845733,27.0,0.12159709618874773,0.0,0.0,0.0,0.5768416039384942,0.2551734472753857,0.0,5.0,0.44565217391304346,0.0,1.0,145,Chromatic Invention (3),"Mikrokosmos, Volumes V-VI",3,Béla Bártok,Piano 7 difficult,advanced
2195.0,2017.0,178.0,340.0,868.0,61.0,11.77220464110869,2.3940774487471526,5.932352941176471,0.4303420922161626,1.7554395126196694,0.08109339407744874,60.0,33.61666666666667,0.09887254901960785,1.0166666666666666,4.598214285714286,44.0,0.24553571428571427,0.0,0.0,0.0,1.343527978525724,0.3958448205186529,0.0,6.0,0.3921665840356966,2.0,0.0,146,Ostinato,"Mikrokosmos, Volumes V-VI",3,Béla Bártok,Piano 8 difficult,advanced
956.0,861.0,95.0,114.0,393.0,66.0,13.268792263601602,8.010460251046025,7.552631578947368,0.4564459930313589,1.8397435897435896,0.09937238493723849,60.0,14.35,0.12587719298245614,1.1,8.831395348837209,53.0,0.6267441860465116,0.0,0.0,0.0,6.2612154932920925,0.6948829825385698,0.0,12.0,0.3983739837398374,0.0,2.0,147,March,"Mikrokosmos, Volumes V-VI",3,Béla Bártok,Piano 7 difficult,advanced
1010.0,953.0,57.0,120.0,164.0,65.0,13.310665735606072,5.5004995004995,7.941666666666666,0.1720881427072403,1.2078580481622307,0.05643564356435644,64.0,14.890625,0.12408854166666666,1.015625,6.218487394957983,39.0,0.38340336134453784,0.0,0.0,0.0,5.504901979549255,0.8468429201673282,0.0,11.0,0.27911857292759706,1.0,0.0,148,"Six Dances in Bulgarian Rhythm, No. 1","Mikrokosmos, Volumes V-VI",3,Béla Bártok,Piano 6 medium,intermediate
991.0,748.0,243.0,128.0,203.0,44.0,11.099419287079614,1.3501513622603432,5.84375,0.2713903743315508,1.3724770642201836,0.24520686175580222,44.0,17.0,0.1328125,1.0,4.384203480589023,24.0,0.2744310575635877,0.0,0.0,0.0,0.7673308589648526,0.32650273990303524,0.0,5.0,0.2446524064171123,0.0,0.0,149,"Six Dances in Bulgarian Rhythm, No. 2","Mikrokosmos, Volumes V-VI",3,Béla Bártok,Piano 6 medium,intermediate
792.0,757.0,35.0,188.0,80.0,55.0,8.875177291464594,3.2222222222222223,4.026595744680851,0.10568031704095113,1.118168389955687,0.04419191919191919,48.0,15.770833333333334,0.08388741134751772,1.1458333333333333,4.58994708994709,33.0,0.2671957671957672,0.0,0.0,0.0,1.8405124207185628,0.4359108364859754,0.0,7.0,0.2892998678996037,0.0,0.0,150,"Six Dances in Bulgarian Rhythm, No. 3","Mikrokosmos, Volumes V-VI",3,Béla Bártok,Piano 7 difficult,advanced
1130.0,1003.0,127.0,132.0,385.0,57.0,10.63065762840621,3.149822695035461,7.598484848484849,0.38384845463609174,1.6229773462783172,0.11238938053097346,55.0,18.236363636363638,0.13815426997245178,1.0363636363636364,4.5039920159680635,26.0,0.2025948103792415,0.0,0.0,0.0,2.6238269862301005,0.6322744799118892,0.0,7.0,0.28414755732801594,0.0,0.0,151,"Six Dances in Bulgarian Rhythm, No. 4","Mikrokosmos, Volumes V-VI",3,Béla Bártok,Piano 7 difficult,advanced
873.0,706.0,167.0,94.0,235.0,43.0,6.890363589922913,10.076746849942726,7.51063829787234,0.3328611898016997,1.4989384288747345,0.19129438717067582,36.0,19.61111111111111,0.208628841607565,1.1944444444444444,4.019858156028369,19.0,0.20709219858156028,180.0,2118.0,58.833333333333336,5.933176757756231,0.5356425345937115,96.41565622686807,9.0,0.37252124645892354,0.0,0.0,152,"Six Dances in Bulgarian Rhythm, No. 5","Mikrokosmos, Volumes V-VI",3,Béla Bártok,Piano 7 difficult,advanced
1387.0,1240.0,147.0,194.0,315.0,63.0,10.869353253090942,6.463203463203463,6.391752577319588,0.2540322580645161,1.3405405405405406,0.10598413842826243,58.0,21.379310344827587,0.11020263064344117,1.0862068965517242,4.9741727199354315,33.0,0.28732849071832123,0.0,0.0,0.0,6.60253916003208,0.8846789709787765,0.0,10.0,0.41935483870967744,2.0,0.0,153,"Six Dances in Bulgarian Rhythm, No. 6","Mikrokosmos, Volumes V-VI",3,Béla Bártok,Piano 7 difficult,advanced
